<?xml version="1.0" encoding="utf-8"?>
<!--/296848/771300/2.49/2/4/Schottky Diode/-->
<quadcept_library>
  <setting unit="mil" />
  <textstyle name="Default" height="47.244094488189" strokewidth="7.8740157480315" charwidth="47.244094488189" />
  <textstyle name="Dimension" height="19.6850393700787" strokewidth="0" charwidth="19.6850393700787" />
  <textstyle name="H127W0635TH00762" height="50" strokewidth="3" charwidth="25" />
  <textstyle name="H15W15TH02" height="59.0551181102362" strokewidth="7.8740157480315" charwidth="59.0551181102362" />
  <padstyle name="r107.5_50" surface="True" plated="False" isvia="False" nopaste="False" nomask="True" complex="False" holesize="0">
    <padshape layer="TOP" shape="rectangle" width="19.685039370078" height="42.322834645669" />
    <padshape layer="TOP_SOLDER_MASK" shape="rectangle" width="27.55905511811" height="50.1968503937" />
    <padshape layer="TOP_SOLDER_PASTE" shape="rectangle" width="19.685039370078" height="42.322834645669" />
  </padstyle>
  <footprint name="SOD2513X120N" originx="0" originy="0" pickpointx="0" pickpointy="0">
    <pcbpin number="1" name="1" style="r107.5_50" originx="-45.748031496062" originy="0" rotation="90" />
    <pcbpin number="2" name="2" style="r107.5_50" originx="45.748031496062" originy="0" rotation="90" />
    <line layer="TOP_PLACE_BOUND" originx="-77.75590551181" originy="45.275590551181" endx="77.75590551181" endy="45.275590551181" width="1.9685039370079" />
    <line layer="TOP_PLACE_BOUND" originx="77.75590551181" originy="45.275590551181" endx="77.75590551181" endy="-45.275590551181" width="1.9685039370079" />
    <line layer="TOP_PLACE_BOUND" originx="77.75590551181" originy="-45.275590551181" endx="-77.75590551181" endy="-45.275590551181" width="1.9685039370079" />
    <line layer="TOP_PLACE_BOUND" originx="-77.75590551181" originy="-45.275590551181" endx="-77.75590551181" endy="45.275590551181" width="1.9685039370079" />
    <line layer="TOP_ASSEMBLY" originx="-33.464566929133" originy="25.590551181102" endx="33.464566929133" endy="25.590551181102" width="3.9370078740157" />
    <line layer="TOP_ASSEMBLY" originx="33.464566929133" originy="25.590551181102" endx="33.464566929133" endy="-25.590551181102" width="3.9370078740157" />
    <line layer="TOP_ASSEMBLY" originx="33.464566929133" originy="-25.590551181102" endx="-33.464566929133" endy="-25.590551181102" width="3.9370078740157" />
    <line layer="TOP_ASSEMBLY" originx="-33.464566929133" originy="-25.590551181102" endx="-33.464566929133" endy="25.590551181102" width="3.9370078740157" />
    <line layer="TOP_ASSEMBLY" originx="-33.464566929133" originy="4.4094488188976" endx="-12.283464566929" endy="25.590551181102" width="3.9370078740157" />
    <line layer="TOP_SILKSCREEN" originx="-66.929133858267" originy="25.590551181102" endx="33.464566929133" endy="25.590551181102" width="7.8740157480314" />
    <line layer="TOP_SILKSCREEN" originx="-33.464566929133" originy="-25.590551181102" endx="33.464566929133" endy="-25.590551181102" width="7.8740157480314" />
  </footprint>
  <symbol name="BAT760-7" originx="0" originy="0">
    <line originx="300" originy="100" endx="300" endy="-100" width="0" />
    <line originx="300" originy="100" endx="340" endy="100" width="0" />
    <line originx="340" originy="60" endx="340" endy="100" width="0" />
    <line originx="300" originy="-100" endx="260" endy="-100" width="0" />
    <line originx="260" originy="-60" endx="260" endy="-100" width="0" />
    <line originx="200" originy="0" endx="300" endy="0" width="0" />
    <line originx="500" originy="0" endx="600" endy="0" width="0" />
    <sympin number="1" originx="200" originy="0" rotation="180" length="100" width="7.8740157480315" flipped="False">
      <text name="pinname" originx="240" originy="10" style="Default" rotation="0" justify="left" flipped="False" hidden="True" data="K" />
      <text name="pindes" originx="160" originy="10" style="Default" rotation="0" justify="lowerright" flipped="False" hidden="False" data="1" />
    </sympin>
    <sympin number="2" originx="600" originy="0" rotation="0" length="100" width="7.8740157480315" flipped="False">
      <text name="pinname" originx="560" originy="10" style="Default" rotation="0" justify="right" flipped="False" hidden="True" data="A" />
      <text name="pindes" originx="640" originy="10" style="Default" rotation="0" justify="lowerleft" flipped="False" hidden="False" data="2" />
    </sympin>
    <polygon type="polygon">
      <point x="300" y="0" />
      <point x="500" y="100" />
      <point x="500" y="-100" />
    </polygon>
  </symbol>
  <component name="BAT760-7" designatorprefix="D" height="47.244094488188" footprint="SOD2513X120N">
    <comppin designator="1" sympin="1" pinswap="0" gateswap="0" gate="1" group="1" side="" type="Any" name="K" />
    <comppin designator="2" sympin="2" pinswap="0" gateswap="0" gate="1" group="1" side="" type="Any" name="A" />
    <attached_symbol gate="1" name="BAT760-7" />
    <pinmap designator="1" footprintpin="1" />
    <pinmap designator="2" footprintpin="2" />
    <text name="Datasheet" originx="0" originy="0" style="Default" rotation="0" justify="" flipped="False" hidden="True" data="https://www.diodes.com/assets/Datasheets/ds30498.pdf" />
    <text name="Description" originx="0" originy="0" style="Default" rotation="0" justify="" flipped="False" hidden="True" data="Diode Schottky 30V 1A 2Pin SOD323 Diodes Inc BAT760-7, SMT Schottky Diode, 30V 1A, 2-Pin SOD-323" />
    <text name="Manufacturer_Name" originx="0" originy="0" style="Default" rotation="0" justify="" flipped="False" hidden="True" data="Diodes Inc." />
    <text name="Manufacturer_Part_Number" originx="500" originy="250" style="Default" rotation="0" justify="left" flipped="False" hidden="False" data="BAT760-7" />
    <text name="Mouser Part Number" originx="0" originy="0" style="Default" rotation="0" justify="" flipped="False" hidden="True" data="621-BAT760-7" />
    <text name="Mouser Price/Stock" originx="0" originy="0" style="Default" rotation="0" justify="" flipped="False" hidden="True" data="https://www.mouser.co.uk/ProductDetail/Diodes-Incorporated/BAT760-7?qs=JV7lzlMm3yKDDyO09xoRbQ%3D%3D" />
    <text name="Arrow Part Number" originx="0" originy="0" style="Default" rotation="0" justify="" flipped="False" hidden="True" data="BAT760-7" />
    <text name="Arrow Price/Stock" originx="0" originy="0" style="Default" rotation="0" justify="" flipped="False" hidden="True" data="https://www.arrow.com/en/products/bat760-7/diodes-incorporated?region=nac" />
  </component>
</quadcept_library>
