<?xml version="1.0" encoding="utf-8"?>
<!--/971257/771300/2.49/2/3/Schottky Diode/-->
<quadcept_library>
  <setting unit="mil" />
  <textstyle name="Default" height="47.244094488189" strokewidth="7.8740157480315" charwidth="47.244094488189" />
  <textstyle name="Dimension" height="19.6850393700787" strokewidth="0" charwidth="19.6850393700787" />
  <textstyle name="H127W0635TH00762" height="50" strokewidth="3" charwidth="25" />
  <textstyle name="H15W15TH02" height="59.0551181102362" strokewidth="7.8740157480315" charwidth="59.0551181102362" />
  <padstyle name="r320_225" surface="True" plated="False" isvia="False" nopaste="False" nomask="True" complex="False" holesize="0">
    <padshape layer="TOP" shape="rectangle" width="88.582677165353" height="125.9842519685" />
    <padshape layer="TOP_SOLDER_MASK" shape="rectangle" width="96.456692913385" height="133.85826771653" />
    <padshape layer="TOP_SOLDER_PASTE" shape="rectangle" width="88.582677165353" height="125.9842519685" />
  </padstyle>
  <footprint name="DIOM8059X256N" originx="0" originy="0" pickpointx="0" pickpointy="0">
    <pcbpin number="1" name="1" style="r320_225" originx="-135.82677165354" originy="0" rotation="0" />
    <pcbpin number="2" name="2" style="r320_225" originx="135.82677165354" originy="0" rotation="0" />
    <line layer="TOP_PLACE_BOUND" originx="-189.96062992126" originy="132.87401574803" endx="189.96062992126" endy="132.87401574803" width="1.9685039370079" />
    <line layer="TOP_PLACE_BOUND" originx="189.96062992126" originy="132.87401574803" endx="189.96062992126" endy="-132.87401574803" width="1.9685039370079" />
    <line layer="TOP_PLACE_BOUND" originx="189.96062992126" originy="-132.87401574803" endx="-189.96062992126" endy="-132.87401574803" width="1.9685039370079" />
    <line layer="TOP_PLACE_BOUND" originx="-189.96062992126" originy="-132.87401574803" endx="-189.96062992126" endy="132.87401574803" width="1.9685039370079" />
    <line layer="TOP_ASSEMBLY" originx="-156.49606299212" originy="116.14173228346" endx="156.49606299212" endy="116.14173228346" width="3.9370078740157" />
    <line layer="TOP_ASSEMBLY" originx="156.49606299212" originy="116.14173228346" endx="156.49606299212" endy="-116.14173228346" width="3.9370078740157" />
    <line layer="TOP_ASSEMBLY" originx="156.49606299212" originy="-116.14173228346" endx="-156.49606299212" endy="-116.14173228346" width="3.9370078740157" />
    <line layer="TOP_ASSEMBLY" originx="-156.49606299212" originy="-116.14173228346" endx="-156.49606299212" endy="116.14173228346" width="3.9370078740157" />
    <line layer="TOP_ASSEMBLY" originx="-156.49606299212" originy="71.850393700787" endx="-112.20472440945" endy="116.14173228346" width="3.9370078740157" />
    <line layer="TOP_SILKSCREEN" originx="156.49606299212" originy="116.14173228346" endx="-180.11811023622" endy="116.14173228346" width="7.8740157480314" />
    <line layer="TOP_SILKSCREEN" originx="-156.49606299212" originy="-116.14173228346" endx="156.49606299212" endy="-116.14173228346" width="7.8740157480314" />
  </footprint>
  <symbol name="SS34" originx="0" originy="0">
    <line originx="300" originy="100" endx="300" endy="-100" width="0" />
    <line originx="300" originy="100" endx="340" endy="100" width="0" />
    <line originx="340" originy="60" endx="340" endy="100" width="0" />
    <line originx="300" originy="-100" endx="260" endy="-100" width="0" />
    <line originx="260" originy="-60" endx="260" endy="-100" width="0" />
    <line originx="200" originy="0" endx="300" endy="0" width="0" />
    <line originx="500" originy="0" endx="600" endy="0" width="0" />
    <sympin number="1" originx="200" originy="0" rotation="180" length="100" width="7.8740157480315" flipped="False">
      <text name="pinname" originx="240" originy="10" style="Default" rotation="0" justify="left" flipped="False" hidden="True" data="K" />
      <text name="pindes" originx="160" originy="10" style="Default" rotation="0" justify="lowerright" flipped="False" hidden="False" data="1" />
    </sympin>
    <sympin number="2" originx="600" originy="0" rotation="0" length="100" width="7.8740157480315" flipped="False">
      <text name="pinname" originx="560" originy="10" style="Default" rotation="0" justify="right" flipped="False" hidden="True" data="A" />
      <text name="pindes" originx="640" originy="10" style="Default" rotation="0" justify="lowerleft" flipped="False" hidden="False" data="2" />
    </sympin>
    <polygon type="polygon">
      <point x="300" y="0" />
      <point x="500" y="100" />
      <point x="500" y="-100" />
    </polygon>
  </symbol>
  <component name="SS34" designatorprefix="D" height="100.7874015748" footprint="DIOM8059X256N">
    <comppin designator="1" sympin="1" pinswap="0" gateswap="0" gate="1" group="1" side="" type="Any" name="K" />
    <comppin designator="2" sympin="2" pinswap="0" gateswap="0" gate="1" group="1" side="" type="Any" name="A" />
    <attached_symbol gate="1" name="SS34" />
    <pinmap designator="1" footprintpin="1" />
    <pinmap designator="2" footprintpin="2" />
    <text name="Datasheet" originx="0" originy="0" style="Default" rotation="0" justify="" flipped="False" hidden="True" data="https://componentsearchengine.com/Datasheets/2/SS34.pdf" />
    <text name="Description" originx="0" originy="0" style="Default" rotation="0" justify="" flipped="False" hidden="True" data="ON Semi SS34 SMT Schottky Diode, 40V 3A, 2-Pin DO-214AB" />
    <text name="Manufacturer_Name" originx="0" originy="0" style="Default" rotation="0" justify="" flipped="False" hidden="True" data="ON Semiconductor" />
    <text name="Manufacturer_Part_Number" originx="500" originy="250" style="Default" rotation="0" justify="left" flipped="False" hidden="False" data="SS34" />
    <text name="Mouser Part Number" originx="0" originy="0" style="Default" rotation="0" justify="" flipped="False" hidden="True" data="512-SS34" />
    <text name="Mouser Price/Stock" originx="0" originy="0" style="Default" rotation="0" justify="" flipped="False" hidden="True" data="https://www.mouser.co.uk/ProductDetail/ON-Semiconductor-Fairchild/SS34?qs=2ONuHmP%2FXzb3ub11UdFfdQ%3D%3D" />
    <text name="Arrow Part Number" originx="0" originy="0" style="Default" rotation="0" justify="" flipped="False" hidden="True" data="SS34" />
    <text name="Arrow Price/Stock" originx="0" originy="0" style="Default" rotation="0" justify="" flipped="False" hidden="True" data="https://www.arrow.com/en/products/ss34/on-semiconductor?region=nac" />
  </component>
</quadcept_library>
